Ind,genome,1,2,3,4,5,6,7,8,9,10,11,12,13,14,15,16,17,18,19,20,21,22,X,Y
FEMALE,1.98193541701209,1.91612989000336,2.20868817782684,2.29832878527953,2.36301581346786,2.26854262597859,2.23095852804125,2.12063960220654,2.22699757458155,1.7080647874068,2.05939452559719,2.12656387636875,2.17329258580911,1.98861793532507,1.82313265618092,1.62155978531921,1.60861979225376,1.68757916877116,2.21512368110106,1.46250983210721,1.88666279945013,1.60908749125673,1.0728437698898,2.22000678686288,0.00758822537288732
FEMALE,1.70027662116384,1.65656192688082,1.88380472099326,1.94720093072285,1.98890608651621,1.92562148157099,1.88807218244551,1.8127690063602,1.90156159414641,1.47288729922581,1.77761024632303,1.8311942958368,1.85837626729155,1.67900571189283,1.56008006182421,1.41050986609057,1.44056486989677,1.51644470160247,1.88827728661748,1.35234659794504,1.67339450749474,1.39170382565763,0.992707120843786,1.87610489071463,0.00691752285857312
FEMALE,1.67964834242579,1.63595726808641,1.86333616493329,1.93082681593191,1.9711782644088,1.90254101837512,1.87255329187347,1.79301250633229,1.87719301673741,1.44868365247779,1.75817320114967,1.79829479489716,1.83607895129165,1.66161415921618,1.54418947673181,1.39656323987097,1.40562664146733,1.49943382128084,1.86128622258817,1.3382061890021,1.64476120149425,1.3696995599097,0.974988834327144,1.84980689835858,0.00764545622878707
FEMALE,1.32037667509591,1.30533359032233,1.45216621097128,1.48958608880822,1.48028807893369,1.46493698209869,1.44036480434537,1.40233056375496,1.46086379752532,1.15425376924664,1.4024063069229,1.43316730727278,1.44704436945028,1.25741736046642,1.22164507644839,1.12653359860754,1.18469876177958,1.2651977007018,1.44468890604341,1.18364053378019,1.37650393047134,1.069959595798,0.861229895210496,1.41195172478286,0.00632923075565311
FEMALE,1.46572297693651,1.43469310353293,1.61795393280064,1.66724705378073,1.69028169686353,1.64730002875379,1.6170247182266,1.56851100979779,1.63180433781739,1.27078823684979,1.54107498352434,1.57235710756361,1.60476365314066,1.43524984892317,1.34897384748924,1.22021770659273,1.26990824710682,1.35237651334358,1.62076594964003,1.23851306558072,1.4728737660554,1.20401729527978,0.895791828742884,1.58599477582872,0.00752491437014243
FEMALE,1.46923001246135,1.43853224742818,1.62384079830666,1.674481708966,1.69971502494666,1.65408795255856,1.62928636786847,1.566305053097,1.63472386677103,1.27230836845824,1.54714609826217,1.58217552255033,1.60504157225417,1.43561624681065,1.34440519260725,1.23470167068443,1.26448589815745,1.35383158686331,1.62012327842293,1.23168046032518,1.47439911642141,1.19348058000127,0.893346685751128,1.59741772039722,0.00803364244620241
FEMALE,1.28296328696477,1.25510721596156,1.41967325302274,1.46593398535711,1.48853187568768,1.44786578534061,1.42487026580774,1.36508453637065,1.42990758343604,1.11020954515297,1.34725513598369,1.38063953150232,1.40461448080358,1.25848870830618,1.17748982436254,1.07912709309555,1.10254332718944,1.16665910464423,1.41756654896443,1.04865624020626,1.28310655747069,1.03999468521591,0.766045501681078,1.39449039148181,0.00723988853895014
FEMALE,1.33843558480199,1.30543582878375,1.48738559042255,1.53783436048128,1.56988623157977,1.5175432022705,1.4943502958743,1.42929316303229,1.49825250087757,1.15686681389393,1.39923907483297,1.43432313296641,1.46498163511245,1.33015078821217,1.22941857040095,1.10983981374212,1.11977459558768,1.19117906093229,1.48817293099265,1.05282275867995,1.31005015111339,1.08545121488422,0.770083504848282,1.46299183824674,0.00764498463845005
FEMALE,1.4999606593383,1.46255129290129,1.66167515571679,1.71805990866792,1.75708893898874,1.69618528586256,1.66714870292515,1.60630891438368,1.67453578175106,1.29469003553918,1.57358683083682,1.6028715014022,1.64710419676912,1.48532353225207,1.37880244293548,1.24469261082499,1.2698977661972,1.35204359961628,1.66586176295558,1.22192992901637,1.47642213820687,1.23006528478818,0.873235064496988,1.6258110745527,0.00861006057813674
FEMALE,1.39650588424453,1.36925337489931,1.5410292443476,1.59051325650332,1.60917065229553,1.5657347036397,1.54136088436911,1.49200094762641,1.55131244616932,1.20735036881867,1.47049517862751,1.49729210107163,1.53003263046818,1.36701099049528,1.28830987072697,1.16775968476074,1.2141441303038,1.30640588281008,1.5390250306978,1.20825541680634,1.40156024099444,1.13194090699762,0.860411741910067,1.49726975287524,0.00878138261057118
FEMALE,0.0209281182811391,0.0213893950539044,0.022517002952964,0.0226281335907251,0.0211460663323064,0.0221078697286232,0.0218658302018489,0.0219980106280018,0.0226572962035711,0.0185869855396403,0.0229938009918593,0.0231685928403634,0.0229365747866326,0.0181741444581542,0.0191895931738506,0.0182694974042681,0.0212989459447695,0.0233241591468265,0.0220008650919664,0.023372852531558,0.0245080722856392,0.0169077659529488,0.0171157670449839,0.021248773753376,0.000126217785200909
FEMALE,0.0491403683224874,0.0494588175970884,0.0536604426196444,0.0542057483084113,0.0521912729799463,0.0529827113533706,0.0526015865102049,0.0519982312532059,0.0533145023850192,0.0426482379002604,0.0528679040512025,0.0537134889104167,0.0535034337765633,0.0445516318077545,0.0449667786187067,0.0428742252909236,0.0482157369186765,0.0513739295704759,0.0520598010831529,0.0511309487599339,0.0547494570453366,0.0402453402401979,0.0363002388520351,0.0509019675075558,0.000307123206984064
FEMALE,1.14176182432935,1.10885448104861,1.27044789297216,1.31626481909145,1.34509164210378,1.29740278957121,1.27799969829659,1.21893785798615,1.27908069511782,0.986702808743454,1.19217986218693,1.22298358547376,1.24760326329336,1.1409091533465,1.04738358450348,0.94074954136973,0.948272715658909,1.00153073069212,1.27504166130446,0.880456915688876,1.11425544763455,0.932922168228291,0.643502315174053,1.2563169605365,0.00784997485244528
FEMALE,1.14342211513421,1.12245917734343,1.26091946380141,1.29944373978241,1.30740139969456,1.27965157831352,1.25978695376954,1.2230810497635,1.27210023649118,0.993678802407966,1.20862768866201,1.22842051564385,1.25662760321772,1.11478714946629,1.05483321120892,0.955670454566734,1.00668529302493,1.06924474978265,1.26107901497758,0.990627726507659,1.16013168951244,0.940578366106969,0.704673498261344,1.21447957037058,0.00793918963870218
FEMALE,0.0900364098945768,0.0884260224170113,0.105748434639262,0.110241920574351,0.116660654768717,0.108498166489659,0.108278244136152,0.0995587728420214,0.106584424142157,0.0797008111785061,0.0938420093852391,0.09683563717769,0.102203573584072,0.0988760012405327,0.0861667874869329,0.0747176045361795,0.0736401769589255,0.0717855523743334,0.105479358083932,0.0584331883401411,0.083609306198505,0.0752500498910293,0.0444531974015724,0.0877878845803094,0.000608132582098909
FEMALE,0.0738739957292451,0.0756556349763317,0.0840562611154429,0.0857535179221869,0.0832779225927439,0.0838699178831017,0.0828357505186846,0.0799943191680579,0.0843792404119641,0.0669903983849808,0.0810767072151616,0.0817103524099533,0.0841759319134032,0.0717899084689488,0.0699454324629616,0.0663905060413107,0.0744752852127215,0.0748409542878207,0.0826210857226935,0.0733661020349361,0.0834370267789937,0.0620798362431499,0.0542629870409585,0.0663018411217168,0.000462209057815392
FEMALE,0.0302248845439015,0.0306081644627076,0.0325971934146393,0.0330495186833128,0.0314121249372418,0.0322073991989399,0.0317191647419336,0.0318023094111329,0.0329529069650737,0.0265192196909372,0.0328535382885984,0.03356930564744,0.0330853814210101,0.0268075477166,0.0275194844803247,0.0264676890371292,0.0304549114311673,0.0326208651963583,0.0323227580972116,0.0327892499013555,0.0343213352305542,0.0241254214246676,0.0235092915511653,0.0309758527308718,0.000216931555029051
FEMALE,0.0203377488853248,0.0204399049421024,0.0220191768339797,0.0219712130590459,0.0212558676950549,0.0218970141048356,0.0213800050699217,0.021475899920059,0.0223509299300343,0.0177232716624526,0.022307526792373,0.0224468424916617,0.0221272250198624,0.0182791198233274,0.0185942389692587,0.0177582783622015,0.0200697023652978,0.0215456059538488,0.0219941409820182,0.0217334872815249,0.0231760404356838,0.0164323649573721,0.0156107548010444,0.0208493612697732,0.000151447868231462
FEMALE,0.120840898092644,0.119650959666014,0.140826617180465,0.145713361865118,0.151453891619981,0.143258368586486,0.142813192481758,0.132514849644049,0.140809016576492,0.107587280419523,0.127724044078527,0.129853680543834,0.137064013923748,0.128311527776386,0.114596578615987,0.105150674244235,0.104265771165353,0.104565084565949,0.139246903272001,0.0917846160147892,0.118094162491638,0.10211929612562,0.067356188141227,0.115581672404608,0.000880105466462971
FEMALE,0.065979816132731,0.0682566604317507,0.0741563301645519,0.0752127069645595,0.0714764392714919,0.0732237844391899,0.0727053626434895,0.0713301015982521,0.0742973843667674,0.0602264667020235,0.0729830336422881,0.0731414400768627,0.0754641090438055,0.0617687378291744,0.0629553046990234,0.0600583965542963,0.0696513995229449,0.0718594237270893,0.0725113543960976,0.0734813078046683,0.077291992196177,0.0550871968451209,0.0528464854375729,0.0577449131374293,0.000447960292632583
FEMALE,7.40551006840621,7.54409677478798,7.78215599675909,7.70743999051017,7.00501659716992,7.51840101271722,7.62337861224108,7.56839125888597,7.81377368818138,6.60174320104155,8.18702856323626,8.259335527183,7.93482462089909,6.14928719469513,6.70784977746528,6.60246397513066,8.11674705148051,9.16023721103745,7.63887942105746,9.6580830926857,9.28635858934603,6.14447818762123,7.06852889078138,6.78884663003727,0.0684989848849571
FEMALE,4.42191411813195,4.44949464338546,4.72651497337536,4.71771669502288,4.40280448657084,4.61723470977517,4.66334781612188,4.53564283118302,4.75143802074529,3.89515299716781,4.84510184683489,4.85535627035957,4.7514992447436,3.8392935520866,4.01468364000442,3.8769358071331,4.54809353526759,5.04648986067035,4.67718036117257,5.02261741927812,5.30153090367204,3.64787903651151,3.79204887923621,4.1475443574107,0.0436899814978268
FEMALE,2.94097938778142,3.00127403494012,3.09601562994161,3.06611265198594,2.76887740141371,2.98124434058244,3.02433423352486,2.99789376765092,3.10707315080478,2.61437847225736,3.26171239320644,3.27845464881117,3.14861742525199,2.4367193043306,2.6633374954378,2.64776397456888,3.23600943273012,3.61114044781706,3.04775014611171,3.78620682517066,3.71304746077462,2.42460352344421,2.80316186672352,2.70488486033669,0.028933852482433
FEMALE,2.19378224290962,2.20972769813079,2.3396258550387,2.32774917972676,2.15649064528381,2.27767748281709,2.30334370263257,2.24763980830981,2.35675276810854,1.93665646435572,2.40898225161405,2.41986853434541,2.35170135618924,1.88977709084662,1.98903729815703,1.94074837099647,2.29338930294016,2.53932197478152,2.3289116184013,2.55159076556416,2.67329380225661,1.80412354940729,1.92992458020208,2.02896849215975,0.0220208939446218
FEMALE,1.40184225173257,1.43473382559797,1.48485947371254,1.4594456092676,1.30890343776563,1.42289397257036,1.44095858022836,1.420682804153,1.48751376892335,1.25284322282347,1.56288947807605,1.57154356164557,1.49465147280881,1.16180167352439,1.2709923861807,1.2586817215941,1.54788420482982,1.73363293228751,1.46514845144132,1.78291185897786,1.80436884931691,1.16835553038294,1.36378150046138,1.23718419641173,0.0134901447556645
FEMALE,1.26608189893948,1.27859671812011,1.34856777365129,1.33961371446659,1.23128837044692,1.30921689524698,1.32253517453259,1.29192029217941,1.35510989169183,1.12215480409934,1.395384247849,1.39943255775892,1.35429326570236,1.08069206255476,1.14441049304916,1.12098622439457,1.33387943631477,1.48482499152351,1.33408605795122,1.48597793403617,1.55945858122234,1.05200848661731,1.13044651815201,1.17817542488415,0.0130117668862941
FEMALE,2.42407655732687,2.43603544321761,2.58761104207288,2.55225777706091,2.36343573606483,2.51315196407423,2.5450690616274,2.47721841800317,2.61110350602418,2.14222897820534,2.68436314711238,2.66896379282908,2.59241570692742,2.08748857057919,2.19006695324451,2.13558558729018,2.55932259590151,2.81717555752365,2.57469507634285,2.81826880059818,2.98764906660032,2.03355727246029,2.141459553522,2.24764575461053,0.0253749454765779
FEMALE,0.147695347410374,0.146425496769374,0.159307881932738,0.15979677655708,0.151341270545264,0.156891165510306,0.158826364483731,0.151279893560498,0.15980553609001,0.128884241896226,0.160828270849246,0.160341638621354,0.158692695385448,0.132003691104023,0.133560209014403,0.127634978368381,0.146524964768594,0.158814910386955,0.158701379946178,0.153229593006868,0.171155938102534,0.122371054414309,0.115427971849523,0.14322363492474,0.0016214454762579
FEMALE,0.804612739271918,0.810682874888404,0.856743388890234,0.857190349598275,0.797340557529563,0.836037065087821,0.848819759396173,0.824158237398287,0.859003000067872,0.707246657012391,0.87836077932104,0.883077910106206,0.867480419309715,0.695440842613378,0.732192611165358,0.709502198117041,0.834351414806037,0.925179022260057,0.845727874527545,0.932061050331273,0.960936268356056,0.662120372379786,0.690415352115053,0.75879946591292,0.0089442833869874
FEMALE,0.107677700394767,0.106769772100187,0.115948485607321,0.117366083226026,0.112589916638851,0.114765426642285,0.116804267154335,0.110850755356667,0.116766366259052,0.0934838485724492,0.115929511418943,0.115953462572132,0.115602143697704,0.0969135523439558,0.0980042019742236,0.0927896307113435,0.105028520193066,0.113306166706139,0.116165710656195,0.108845859905962,0.121627477250485,0.0874850859325581,0.0806404638526715,0.106315279599687,0.00125448082400845
FEMALE,0.838654352766918,0.851835013081071,0.88553866872017,0.873968105532287,0.795772766286431,0.854498089326461,0.868428915146321,0.857761033219187,0.887032395160609,0.743075062031458,0.930610701623252,0.928415225528818,0.900193030513315,0.701178818649092,0.761612979431491,0.745186605873838,0.916910823717265,1.02048158998542,0.871975495345328,1.05901366509213,1.04827082743625,0.698259055001055,0.783569244109774,0.77681695744512,0.00919939691680301
FEMALE,0.02402449901588,0.0237879086367452,0.0256013982404469,0.0259457830105408,0.0248381835831912,0.0252355937249296,0.0259826447661678,0.0244779359494807,0.025687057164909,0.0205667759747301,0.0255469543909651,0.0256398513387309,0.0256959380365889,0.0212731144857165,0.0214667803886258,0.0204765873070367,0.0231945739478697,0.0255411249013335,0.0255305617329135,0.0250970661883361,0.0269386750002221,0.0194607114767236,0.0177772091474275,0.0235417196923873,0.000282869989651624
FEMALE,0.197502831595291,0.196438567749847,0.21237811743865,0.213283247761377,0.203038732965618,0.209421350084012,0.212190858681077,0.20302951772317,0.213147429086091,0.172200638620557,0.213402036305863,0.214697459491511,0.212097938546182,0.176404502225834,0.178715679638683,0.170313605027424,0.196494178895049,0.214632735108389,0.211213476684014,0.209527094352358,0.22814394867349,0.163843532174753,0.155920858973839,0.18972220490478,0.00228434990749924
FEMALE,2.62510088299325,2.88932433592613,2.54980614197554,2.35761764462743,1.8652248616191,2.2632388058365,2.3528674187411,2.65605683767747,2.48070422661657,2.45800809839398,3.00909399270137,3.0851069514304,2.78383910067168,1.70707429246387,2.38858030504835,2.5607849740302,3.77456163263487,4.69824035186312,2.32552383249983,5.85495884480205,3.98636653850694,2.22280314552941,3.98841062216568,1.86611888950487,0.0224937474700442
FEMALE,0.0109743357090566,0.0108796479187107,0.0116661937282215,0.0115878135623323,0.0109200800718682,0.0113377666427918,0.0115303464188808,0.0111967762353263,0.0116511078111805,0.0092797546998203,0.0117572433289007,0.011877411902104,0.0116780042598575,0.0093473659840119,0.00968847188353113,0.00928257172203416,0.0108291038103994,0.0119021183638789,0.0113454946567789,0.0117415176919244,0.01262907469863,0.00887834889313596,0.00872331714101236,0.0102034860954968,0.000125746194863889
FEMALE,1.13870990015017,1.15320760625106,1.20940998478643,1.20061783910035,1.09920617208689,1.17183752216369,1.18725159953331,1.16361221408527,1.21498988323784,1.00856722332595,1.25774111637955,1.26135714071756,1.21788984011022,0.964460386074213,1.03036767553918,1.00954389656584,1.21662342433718,1.34317451731451,1.19665581706978,1.36891813275395,1.40809454646308,0.93837834053035,1.02824319769122,1.05732024795943,0.0132077631988619
FEMALE,0.706031910264582,0.708108402265525,0.754604326220857,0.757977598800297,0.70726048524282,0.739205471113935,0.752352170133563,0.722843876098167,0.760538850182731,0.620266786096288,0.769774100806784,0.773188673352625,0.759121385618037,0.619754984892838,0.640079705977315,0.619944914041545,0.721664216159165,0.785766795849164,0.752534707678221,0.774805512890354,0.837333892683472,0.577894113419529,0.58169276785228,0.672924725717483,0.00851319929141531
FEMALE,2.48734465591869,2.71382683937225,2.4515556542985,2.27307738825344,1.81754566662166,2.1922950667622,2.26018064791454,2.52282105072103,2.40494195356288,2.29751664344166,2.88853839820131,2.90704153864692,2.62602298607726,1.66808825654916,2.24883483431787,2.40478922786887,3.46450592366735,4.22026646645781,2.28162588415001,5.15173596001135,3.78456723562138,2.11944858803453,3.63362986054692,1.83979666847341,0.024105441131833
FEMALE,0.0198149689137507,0.0195751046895085,0.0213873577708607,0.0218355516594762,0.0212925553389138,0.0213430973152845,0.0217199692882685,0.020622606336714,0.0214361491104692,0.0170134524951809,0.0213812772307016,0.0210750864795296,0.021254962434413,0.0183657223288888,0.0178608776525731,0.0167019969844943,0.0185904332005644,0.019957433449584,0.021249365756334,0.0194835923357586,0.0212633866408401,0.0163865098812287,0.0137505889826648,0.0199654203604341,0.00026850332688456
FEMALE,0.126780761408858,0.12749103642153,0.135236187471585,0.133863860775772,0.125063009315052,0.131249248957772,0.133859936483559,0.129559376780739,0.135835000489396,0.111585214582032,0.138841399836752,0.139075590988512,0.135642241000772,0.109345639838222,0.114992714454109,0.111451817605285,0.13199746116289,0.146437345257189,0.134322703074781,0.147813788713396,0.153895533111032,0.105818016016864,0.11070041991974,0.118848338023641,0.00161253578739064
FEMALE,0.772786854153851,0.784225360064399,0.817378854837755,0.808322430948858,0.738811492765142,0.78884183125293,0.8001583227034,0.789614180684677,0.82092923081876,0.685433547748018,0.854714857733124,0.854363821965452,0.825269429319622,0.649827665876315,0.698140839727865,0.687110704592794,0.838437121287908,0.928217415781054,0.807714969666964,0.964871694140249,0.962739823487375,0.645720835252186,0.714663388829758,0.715599364103536,0.00990831509092784
FEMALE,0.047844449389715,0.0470995295935491,0.0511679608647675,0.0519627700760969,0.0509459124000972,0.0512753097776274,0.0523634251331006,0.0493767815555922,0.0513369945518442,0.0410465418123011,0.0510874381165149,0.0513478549435347,0.0515725533807347,0.0434900955612717,0.0431830821072917,0.040591480509696,0.0456601657690326,0.0497128833092494,0.0510221108202994,0.0491417043313598,0.0518043960605164,0.039923482068681,0.034678083038457,0.0482541313691404,0.000670971994506781
FEMALE,0.259262525600395,0.265499900198844,0.272971073819339,0.26479796253384,0.23565727611555,0.260069725461523,0.262775743763114,0.263578135000418,0.272439623174608,0.232302520855824,0.290516276243169,0.291436029650599,0.274886821736816,0.210850774713854,0.234178190237238,0.233859245761532,0.296316210393492,0.331463617127168,0.268763788908134,0.350021612920351,0.341881193522878,0.21866222646029,0.265070110913715,0.227898649943685,0.00320558478835514
FEMALE,0.0480303960638802,0.0478331606644222,0.0513289563456235,0.0519639164108834,0.0489949018979832,0.0504176098798963,0.0516416476639079,0.0492722186562545,0.051425759535359,0.0419535730988648,0.0520545996961207,0.0519784022868941,0.0516221604483074,0.0427446575918054,0.0436288129413503,0.0417330528390759,0.0482375287993981,0.0526484875154581,0.0511440029238735,0.0520259751465707,0.0548600947679607,0.0396722660624961,0.0383012888170616,0.0463611775471152,0.000656942181980446
FEMALE,0.755440922246636,0.760179915459468,0.796797510658056,0.792849976641535,0.742176774533676,0.775464037693669,0.791632784738938,0.778475177964767,0.798944388122923,0.664064135655765,0.824601782744317,0.827244382782235,0.810410162665235,0.64449368436424,0.682480642208621,0.662998733109953,0.803670416762691,0.896895407992664,0.787260995674438,0.939668588583707,0.906560929604389,0.636362722170909,0.669362079780579,0.710995233095057,0.0102247690495801
FEMALE,0.151439658402075,0.155186441842406,0.158249437592094,0.155103601142557,0.142711194177001,0.151492151629442,0.154931102589581,0.155034047257265,0.15868365519499,0.134974094638349,0.166567854367264,0.169695172342645,0.160496995578583,0.125380709355271,0.137600161118529,0.133701101024748,0.16882278456342,0.19224796635171,0.155551794038642,0.208832730980677,0.191627566103382,0.129118170733595,0.152353262280788,0.135065327258432,0.00195977785804545
FEMALE,0.0827694047191417,0.0816664765701827,0.0886970008759028,0.0907678488744937,0.0887999858292472,0.0883678413860721,0.090662442951327,0.0867745005498758,0.089060506959832,0.0708422628722901,0.0889654813020015,0.0877440315547436,0.0893090531142648,0.0757921615580768,0.0743373283201772,0.0696629379614782,0.0789198992110575,0.0859916120667709,0.0887282041498184,0.084969041324455,0.0889649145298603,0.0676152524330253,0.0587646916260826,0.0821879756213928,0.00123462350231751
FEMALE,0.611329337982132,0.634767862825104,0.625392615629811,0.608115398846484,0.534893203226069,0.592211176658066,0.608359297781767,0.625595735965181,0.62597672397934,0.548312539761179,0.685844870467054,0.685539259453225,0.653451958973013,0.47568215710014,0.551280340837977,0.563575943648556,0.736693718812999,0.844450898027113,0.604845575499792,0.959925473434914,0.81308036807947,0.522306396055923,0.672941722185117,0.538304904677358,0.00816036550676441
FEMALE,0.114443554231919,0.118259504757663,0.119364057735461,0.11641542324271,0.10348892221485,0.113432028895738,0.115999194857575,0.116552487311019,0.11883051423662,0.102247887454841,0.128517287157366,0.128252446718942,0.122142887853773,0.0917570130620439,0.103324122301782,0.103677154797625,0.132079703654328,0.148642216702192,0.116945323175325,0.161382278467397,0.150158681753042,0.0973697948021703,0.117771155105376,0.101441696352483,0.00157199586091898
FEMALE,0.119630392497765,0.12338525728287,0.124015163476593,0.120654473334157,0.107822662570206,0.118018159441055,0.120505443275781,0.122226708666014,0.124151548664056,0.106173682586892,0.135016056067157,0.134223069647986,0.127354072947566,0.0956678186287564,0.108205950393453,0.108346749061985,0.139430362894136,0.155993450845191,0.122336945072654,0.171792486266845,0.157891803193373,0.102688921303485,0.124901553596614,0.106674220792403,0.00169407038815893
FEMALE,0.337729910455254,0.353360383403017,0.346362915993209,0.338430707066871,0.294542817341946,0.327999921068018,0.336270253746854,0.344773626758445,0.346979170878483,0.302294786676488,0.378296024708704,0.381141514680669,0.362707722591451,0.2603115286794,0.305672329848828,0.309873516590899,0.40255488275199,0.4618666421332,0.336526897054568,0.516556964965895,0.450933463143184,0.282941672737911,0.363310723649821,0.29511850153693,0.00476867096040686
FEMALE,0.274855177618411,0.299718029589182,0.262456795067477,0.236996415002078,0.19239241082946,0.230699842567178,0.240216111419341,0.279041002122784,0.258159235334487,0.263470519316254,0.312086833349089,0.325135617898621,0.286481711745657,0.175606784961603,0.249818201363508,0.264551943272164,0.413772034770545,0.515552173582653,0.238790050591947,0.666244437182354,0.421007744164586,0.248741057922524,0.443614219443938,0.18384218489326,0.00311411310548536
FEMALE,0.0478494922008249,0.049655511189278,0.0498341868669209,0.0488962285737025,0.0443019647648374,0.047232245638096,0.0485315065797216,0.0494300684177546,0.0493976108418229,0.0424221758339687,0.053440222233196,0.0532158240421522,0.0514049726378547,0.0380739658333232,0.0432266966397807,0.0429598673545757,0.0543272139762255,0.0619446886090941,0.0481257484894959,0.068520102907909,0.0610814476421615,0.0405523220027802,0.0473298809310657,0.0432326836458888,0.000733912461986871
FEMALE,2.31412755135631,2.40361552399101,2.34802939644092,2.24502195534112,1.9713335944418,2.20186371785332,2.25502946505582,2.3718613244853,2.35331041258213,2.09376089020881,2.60550922782923,2.61407327924824,2.46647343319271,1.75713746957342,2.0878877543397,2.1077163275029,2.90167017555789,3.36791161695376,2.26657813297928,3.99535527272641,3.15428504199569,1.98603325438379,2.72036670186431,1.9651890609527,0.0339436240026412
FEMALE,0.190606361165387,0.206617599560564,0.188687213432906,0.177813402249432,0.144706870172237,0.17138103220259,0.176895270128375,0.193675436370859,0.185338149562466,0.173641705511709,0.218275384392756,0.218832282139626,0.202612103474516,0.131262759521201,0.171943810844462,0.181938064393001,0.257071943962926,0.310138048783912,0.178106802637306,0.371239786079189,0.278459947652951,0.163903661123715,0.258655711072578,0.149775301898827,0.00259960804779689
FEMALE,0.16905775900722,0.179170217593961,0.172267759094922,0.168660878467151,0.143780613100175,0.162479992013941,0.168009454129484,0.173196685710499,0.17131600141461,0.150207872224279,0.189097184060114,0.188552454757073,0.183514510571554,0.127903869100217,0.152247238320723,0.157923594756228,0.203909350513083,0.236414056937595,0.165360374894361,0.266610014246313,0.225734385055451,0.139676307209895,0.183208059883013,0.14976751549038,0.00267735308335699
FEMALE,0.181728785678703,0.1820443207642,0.192060922788646,0.19329178012814,0.184708277203278,0.188692595638422,0.193581947988251,0.18955206378729,0.193120478747161,0.158095549707308,0.197042202026614,0.196666537191435,0.196044643223019,0.158512645120628,0.164556485290948,0.157822201419054,0.185748568202051,0.205067922110184,0.190844303323806,0.212052437972762,0.207936213774991,0.154037526988164,0.147763358918191,0.176838822504408,0.00335998009619298
FEMALE,0.0205939438430558,0.0219620074687798,0.0205586714238774,0.0198292940855235,0.0164655275616225,0.0190332811063036,0.0198393751030703,0.0212912747670879,0.0202134920834575,0.0183685006562867,0.0233282244589279,0.023263543812952,0.0223532808407382,0.014849811684267,0.0186228930277671,0.0194063297219256,0.0267254119990788,0.0315307146813217,0.0196741309324837,0.036404025416774,0.0285068175558091,0.0173201707587353,0.0244819145336889,0.0169737585798621,0.0003328080378396
FEMALE,0.0880205458525262,0.0888390444571851,0.0909422698223815,0.0895515169670426,0.0809585970234848,0.0870757392162496,0.0893158929131588,0.0895147900042367,0.0913636412642446,0.0767209742251783,0.0966510528846156,0.0967041916702746,0.0939471421006031,0.0712095483855596,0.0788741526046595,0.0775677852886265,0.0979654827898207,0.10946336612714,0.0898055602574517,0.119344061777623,0.110494923326297,0.0747884864490147,0.0842188393134443,0.078960937604656,0.0015824550608936
FEMALE,0.275330756602973,0.285264400605044,0.280888491435379,0.272010398014003,0.245588453380975,0.264600907629351,0.274838667479819,0.284919586134766,0.277784625240758,0.244934598324433,0.305075812035123,0.302200198988914,0.296620133767998,0.214518261450273,0.247731066197396,0.248990904171085,0.329699822210792,0.38631139694078,0.267536542783885,0.45715790511736,0.353945814330449,0.242434624052265,0.298646946940356,0.245877389764035,0.0051370166986433
FEMALE,0.0205328221685101,0.0224026884169729,0.0203685516903039,0.0190490238908794,0.015590501360273,0.0183518736893726,0.0190038671463104,0.0207320517704739,0.0202231734244089,0.0188847971550242,0.0237589258199597,0.0238953355406935,0.0216626443727226,0.0142346855659602,0.0186172386020471,0.0202467357509396,0.0276905410831016,0.0331613650608207,0.0192173269221784,0.0397681624255232,0.0303695550627746,0.0177920604231528,0.0277228346498438,0.0156867534966062,0.000333734376001603
FEMALE,0.260952275308249,0.266051437440551,0.268823435659104,0.263702318974674,0.242454074111321,0.259565605466338,0.265250470316562,0.27146804670591,0.272117173713633,0.230009891906103,0.288127287388525,0.285671715282246,0.280829658780699,0.211555551009614,0.234658145717252,0.230478349499049,0.300016115366947,0.339625785806823,0.264449881737635,0.390115131863506,0.329769115748668,0.225508470359223,0.259928541253034,0.239227513573726,0.00518161567051573
FEMALE,0.382981227885134,0.388685286364843,0.395259033007458,0.385981678944148,0.350800899687957,0.378072861294288,0.388805159980448,0.398158899952553,0.39613221342059,0.340223770924453,0.425969061645867,0.418759713790407,0.414523754034263,0.308571109192284,0.344925315935215,0.34041286594451,0.443972781376537,0.507339595525401,0.386819742929464,0.586942447496518,0.483908788059186,0.327290283928523,0.382977491710972,0.345283980427455,0.00801604202112435
FEMALE,0.0625216992338107,0.0645500859153326,0.0620610892775616,0.0611593292739615,0.0555182819975212,0.0597322304376093,0.0634596543155373,0.0639339354007266,0.0619655423243289,0.0545159829733193,0.0668537419411717,0.0659681492706619,0.0664678299847753,0.0485648686716504,0.0550460020601858,0.0552090524626838,0.072114889185741,0.0787535496244175,0.060799824809399,0.0931513400120547,0.0749389612334813,0.0524177333027633,0.0598546530926702,0.0567721530726752,0.00159091000193588
FEMALE,0.0596363401987742,0.0614053876319129,0.0675872260575277,0.0684223903322467,0.0676787266846178,0.0668935887442552,0.066459255747479,0.0656203703307473,0.0670082159945017,0.0543560760874084,0.0656494087084547,0.0660070659108039,0.0674058144638146,0.0576058958749613,0.0564320629599344,0.0533791250976091,0.060912213439397,0.0635114805417709,0.0661827886146807,0.064487173743543,0.0670445241863931,0.0521677847001328,0.0456755252544189,0.051707883323149,0.00154415518852278
FEMALE,0.0746167251825214,0.0773387280748239,0.0849526902357598,0.0857957151621662,0.0856330098522096,0.0832820680798292,0.0842247865876124,0.0826526737880159,0.0839863911364775,0.0680514730925276,0.0824110144980018,0.0822176168148803,0.084118428058116,0.0718005536135065,0.0707210948458652,0.0664338586176612,0.0754086727457492,0.0777972616857571,0.0840434334980659,0.0787880285375448,0.0831044472143982,0.0649048787660974,0.0565672263946254,0.0636275221780613,0.00192058533253671
FEMALE,0.0518160121719085,0.0531402688059903,0.053181004705962,0.0526767296007831,0.0492373081939323,0.0511998711440925,0.0531783621368655,0.0541125634566881,0.0525357044369825,0.045234946525731,0.0572865200390273,0.0554018222350098,0.05659555286834,0.0424836692107983,0.0459934434744667,0.0459889884261008,0.0587794313377183,0.0671615850245353,0.0514987157334234,0.0778118236872094,0.0626370079929527,0.0454188607724991,0.0495259427786603,0.0478909846142115,0.00147857044665298
FEMALE,0.053225322015445,0.0548902865120645,0.0530982989006308,0.0510405563652562,0.0460468590302422,0.0499429622465236,0.0516561817434814,0.055269585870531,0.0528271490107043,0.0468324645408552,0.0596712811955151,0.0578090986363947,0.0567859573448699,0.0403961528899075,0.0474349680492343,0.0475305260656171,0.0660166267069536,0.0775656839855454,0.051148946745664,0.0934130221722231,0.0684935562610193,0.0470442123341428,0.0603524840264705,0.0442644117468244,0.0017110307977796
FEMALE,0.0989099707139302,0.105170325734113,0.0993660374280652,0.0942337138272669,0.0805918775261925,0.0919439355198671,0.0946127263007179,0.10078436438793,0.0996766609761516,0.0901217321176765,0.113334405678272,0.112990027829472,0.104276857641799,0.0728407822052221,0.0893805786219485,0.0926584123621378,0.129131059657703,0.149896182299424,0.0957089829805477,0.17868856293368,0.140674777455228,0.0893208888155688,0.124632922535589,0.0741024892291237,0.0032171724366362
FEMALE,0.0636125647161316,0.0655402980921761,0.0717608716861289,0.0726247880101259,0.0720096577907575,0.0714737164791958,0.0708121512175196,0.069527918554902,0.0719331489811069,0.0581031488428321,0.0708382552261672,0.0703253537777391,0.071630678071461,0.0612624509335679,0.0601741842582651,0.0570607780298155,0.0652364242531879,0.0680631160384954,0.0714813488303276,0.069610329675381,0.0718385504792344,0.0553734222773601,0.0504231338785714,0.0533703105083153,0.00245969730031038
MALE,0.210683690314027,0.208312977483013,0.237370747662248,0.241805935822523,0.241822929454113,0.238265705170476,0.241996252732087,0.224661727866848,0.238776070255845,0.184564781235292,0.228846894885191,0.22604301558304,0.232938144058401,0.20803625406289,0.195848235586291,0.179964054325918,0.189831906241833,0.202884024808853,0.240257686848799,0.177868017787487,0.224196452484644,0.177423595044203,0.135618669886029,0.108848354768605,0.0245626479635736
MALE,6.41394396502527,6.56461103461002,7.02267671964763,6.99959968171282,6.49566114858974,6.86529650953712,6.93707680341206,6.71468222653096,7.07017186914965,5.77590134468158,7.20699745726459,7.17179813009914,7.04644169587588,5.69034988471552,5.93691496023178,5.75201431967294,6.72884653893083,7.40898900316903,6.98251804418107,7.22417316056324,7.87347847348185,5.39857379701327,5.51813663134778,3.21028988367144,0.74927040764235
MALE,0.032112344311206,0.0320130716946138,0.0333536427332812,0.0333497068993649,0.0307254753746654,0.0327804686017089,0.0333948383399809,0.0323767329878849,0.033368808353736,0.0277442377276422,0.0347752668915227,0.0350093842877924,0.0338973310762616,0.0268782953820616,0.0284911327985197,0.027694610836845,0.0333766060984086,0.0366968199232442,0.033414125969194,0.0377529408885656,0.0385049262584426,0.0262918088643243,0.0272898517453593,0.0151836896833501,0.00362484544047767
MALE,0.0128754435175548,0.0132263341482307,0.01419531209071,0.01412267792088,0.0133874640607046,0.0137503491966349,0.0141343836191818,0.0135689401889722,0.0141728135893943,0.0114608361863256,0.0144396624726794,0.0142051217735298,0.0141241855410415,0.0117155372865811,0.0119757662678387,0.0114259640598657,0.0132493528038309,0.0145512894171959,0.014154020899917,0.0140358240222058,0.0152965179819222,0.0110209049905469,0.0103972227345223,0.00629501819275979,0.00151847035766725
MALE,8.60902507943245e-05,8.64631747497231e-05,0.0001049180336497,9.8226246390371e-05,9.72826786255098e-05,0.000102495499826825,9.94477008853931e-05,8.9538266385963e-05,8.65376601908357e-05,6.96675941539867e-05,9.03753485443847e-05,9.47139469920104e-05,8.93973148456359e-05,8.1279933282555e-05,7.31069737234086e-05,7.84930336262283e-05,7.02785386397991e-05,0.000109846381332101,0.000100861649222063,9.90884622520905e-05,8.3934253933962e-05,6.02951658215751e-05,5.52192567031948e-05,5.25212248864176e-05,1.27329390995313e-05
MALE,0.189083278448252,0.194115307740798,0.206739357013063,0.207422002648892,0.192449218347593,0.201732783624775,0.205312633282024,0.197496839595793,0.207642018746929,0.169927257131795,0.211354731049153,0.212242940925903,0.207266299815927,0.168018846038892,0.175186144253622,0.17003685076274,0.198731759025449,0.218070006839073,0.20655874039003,0.214263079748894,0.231268381442946,0.159564507672414,0.161100729319102,0.0911336637157746,0.0221287365491909
MALE,0.282822553964839,0.28949021956499,0.308311317069062,0.310938786075901,0.292304494407439,0.30028188887991,0.306403813055223,0.298337060931573,0.30933632720205,0.252728403716782,0.313815113404093,0.3158120531012,0.310829286354145,0.252690881551511,0.262187402014019,0.251591385787486,0.292577392137855,0.324971423806897,0.302515490812381,0.329970701508599,0.339595643161691,0.23700434002609,0.239139592370784,0.140150257717883,0.0344297157425242
MALE,0.218286613647035,0.225755662209564,0.23674886694712,0.234082724871117,0.214011325595458,0.228153059062016,0.231926338783481,0.227449391101143,0.237704235812815,0.19775640179722,0.246332167499453,0.247314944413498,0.237277014270138,0.188818729147217,0.201739727995108,0.197496060523591,0.239679267343025,0.265635017139558,0.234852347767175,0.27303173809027,0.278885806892192,0.185111540343065,0.204626543376276,0.101734694587306,0.0250411100455041
MALE,0.486410198243687,0.485927856524779,0.541039363617109,0.552508142638185,0.543069217033889,0.541370716875956,0.549627082225319,0.517894095918099,0.544347305514739,0.429279223447237,0.531567488003648,0.528916396894503,0.538366714942661,0.466039175625418,0.451624226801531,0.418480459135871,0.459155546582038,0.491205552642822,0.541932458992407,0.458994466385461,0.530621722756115,0.410610577895505,0.33456934417884,0.252582769070969,0.0624905871410857
MALE,0.314455140260842,0.339197602239876,0.322017853228594,0.307186504074311,0.265411698140616,0.297874015713213,0.307916280686142,0.327836265659716,0.316826692559733,0.292044777242187,0.358092069187247,0.362517509895596,0.340401628232458,0.237825857556261,0.290733309150649,0.299478787920874,0.409465133505484,0.496570277975757,0.304958302321311,0.591309510599903,0.446243315406204,0.278739523533139,0.404741889834913,0.127298355850588,0.0315575116374179
MALE,0.235290667123599,0.244438147257414,0.254697149239772,0.251378720077316,0.22844769635182,0.245469536400633,0.248869902262902,0.244791650662542,0.255449833156402,0.213514725805366,0.266178045103076,0.267835761349474,0.256055889234889,0.201569129039105,0.217140772098325,0.213372524972644,0.259900727081839,0.289975098284739,0.252436125822467,0.29765643018078,0.301727379639232,0.200124454873629,0.225177579710936,0.109326655355658,0.0271285541447856
MALE,1.25888271351069,1.31061659822304,1.35869630305338,1.34029661690345,1.21724574447919,1.30780002195503,1.32608970664167,1.30941316253235,1.36415992312646,1.14651232431283,1.42415211060231,1.43566140170597,1.37114007239121,1.07296381784827,1.16398190434724,1.14464876279062,1.40762924779397,1.56749469580779,1.33891495509678,1.62453725950267,1.61930976531411,1.07112263594176,1.21595153928405,0.58808748419533,0.145948131193602
MALE,0.245014052311135,0.245504130559418,0.271824076618816,0.276242438798473,0.27127018074134,0.271136425970921,0.275669330743388,0.260431445248475,0.274271425801622,0.21641527851554,0.268734260447618,0.267564278156767,0.270140142580723,0.233910927647245,0.226927409283729,0.212591554399261,0.235120337277664,0.250244872819468,0.271401048868936,0.23759060763822,0.269652483628854,0.207073919442376,0.173991355857099,0.125937402428381,0.0313855832745502
MALE,0.0429186446772369,0.042437543214787,0.0482358315948454,0.0491430591978899,0.0492724054993151,0.0480024791717404,0.04965594292173,0.0459573045426428,0.048286887060264,0.0375825016247923,0.0465750528165298,0.0462527156837378,0.0473804498621405,0.0420091614579986,0.0396263179143572,0.0364804078735223,0.0389415817450135,0.0411810007018887,0.0483337860473771,0.0375317803115267,0.0451644508446737,0.0360054598082959,0.0271856699850068,0.0225977867278897,0.00563218655251396
MALE,0.0226429990917116,0.0247218481353352,0.0224499057405053,0.020756083035644,0.0166824204340582,0.0198508019721498,0.0204018095028417,0.0230727525968972,0.0216374690769293,0.0210553555631688,0.0257977092767215,0.0269892454672336,0.0239031804517971,0.0151010232033067,0.0205926825583044,0.0217899314192477,0.0316672217564471,0.0392791766903491,0.0204765413862948,0.0479371681396922,0.0342315620719988,0.0209145272392554,0.0336678025889547,0.00865767470665399,0.00217313880052278
MALE,0.107857326676761,0.119959532618376,0.105145431439908,0.0941583738771411,0.076222956163429,0.0922456900540065,0.0948403100002877,0.111163287830312,0.103556617212938,0.104260167717333,0.125991278089005,0.130834914664415,0.1126995176273,0.0705232925574515,0.0996626161602556,0.104486711738001,0.163373829376746,0.202519877711998,0.096858421546825,0.260189254396613,0.17184843536396,0.102060663128395,0.179035955591165,0.0364091814958354,0.00915142944252329
MALE,2.34296315705503,2.49995373933291,2.42245379473079,2.28945996673205,1.9834339201494,2.24732047479024,2.27944396036148,2.4277934017832,2.42568067718172,2.19137129385377,2.70666291943571,2.75553854748759,2.50613293147624,1.78779484337042,2.16043276012175,2.19870862574459,3.03967675059662,3.54091701961236,2.33341536320542,4.14271173918212,3.3671811831144,2.06670577610859,2.98638039351117,0.986347392577189,0.249594895479244
MALE,0.0704564247431019,0.0706613766069614,0.0760019763702269,0.0778233556673353,0.0743634947512239,0.075442055026204,0.0766567738888826,0.0745990306579363,0.077357275683501,0.0626131518608878,0.0771820454278046,0.0764036752122394,0.0772024183893698,0.0638953615979345,0.0647002958745794,0.0616157342328874,0.0699703091435599,0.0766488441867445,0.075471614983151,0.0771979961163885,0.0802486675238856,0.0600585976761429,0.0548317668255882,0.036235748747219,0.00922642914862146
MALE,3.54019723501863,3.64870017314821,3.83501362069712,3.84213228774134,3.57026661543266,3.74766715090811,3.80075374660023,3.7178990375205,3.85911646374407,3.1814126235627,3.95189926462179,3.97709224642165,3.89549842383629,3.11022694666743,3.27754799880838,3.1970221081169,3.78245169902683,4.1814334244594,3.78718574968216,4.30510519688796,4.32868895012687,2.97919534210494,3.12162810226287,1.7420199102779,0.446466867090314
MALE,0.664313450432102,0.666003861230099,0.730049160118517,0.742706429771617,0.739141843732546,0.730623657727933,0.745367343952242,0.711464780874777,0.733106931155527,0.584491414276309,0.718707196170145,0.724345349375581,0.735455833479235,0.631161769573117,0.615102784790694,0.574846062755102,0.635120833101054,0.701920987703585,0.724695278706545,0.699711544167773,0.725044870712689,0.56664038016289,0.481503634588781,0.3425166303258,0.0884047624830215
MALE,1.15030583735208,1.15732202328194,1.26547173293905,1.28798643668801,1.26565349759688,1.26279725104449,1.28612814673999,1.22936735367696,1.27035250507123,1.01498758287376,1.25203939769039,1.2582686749727,1.27039763613358,1.08453231147818,1.06807897826111,1.00131667967602,1.10964764631696,1.22551072901961,1.25724969199734,1.20622556623374,1.27199194865826,0.985163628551444,0.854045505423435,0.590151713241712,0.152345658335563
MALE,0.015945016627275,0.0176723010050194,0.0157730793162859,0.0146085319728679,0.0117964925880078,0.0141550635363761,0.0148065628843777,0.0163503887172912,0.0155558788894172,0.0151650447470538,0.0186930809705942,0.0190988929749139,0.0170807592974309,0.0108544701245581,0.0148158250142478,0.0154633031803567,0.0230794056843916,0.0279280514207673,0.0147018501471773,0.0341802597890107,0.0244936971563265,0.0145165078793544,0.0238782840498056,0.00577484875432922,0.00149418345531074
MALE,0.0212064420459265,0.0214538041211139,0.0222444446844853,0.022204358364858,0.0207090109770812,0.0216916030190046,0.0221026357661421,0.0218849834122334,0.0224458917916317,0.0185343984737542,0.0233945395567087,0.0232849279659954,0.022881304743575,0.0180132256456849,0.018898106130683,0.0187325555864881,0.0229182962848673,0.0249822126206706,0.0222412296089124,0.0262905249021449,0.025369643915671,0.0176926211868943,0.0184007014112545,0.0102157421213654,0.00265055664670705
MALE,0.0140767718861937,0.0151080867317077,0.0140266233334409,0.0133225766394241,0.0112771999931615,0.0128072391461063,0.0134305648257146,0.0144273488083785,0.0140041382574196,0.0126771227589534,0.0158861328748413,0.0158649749912812,0.0148612539254674,0.00995082238430434,0.0127016100860795,0.013308528962525,0.0181806595166056,0.0221748795279919,0.0130967218516718,0.025962716118422,0.0199747181776525,0.0122236917408609,0.018139944893014,0.00569586404531548,0.00147840202153261
MALE,0.106824536284809,0.112306556700615,0.111630444047239,0.106599095870099,0.0962445381028254,0.104466411512218,0.107559540621867,0.112905812209821,0.110376558250087,0.0977915478875377,0.121412769523966,0.121242992449342,0.116131340538735,0.0858753883545835,0.0986675210718183,0.0983516736025587,0.133236056768369,0.154959104114639,0.107785689372658,0.181215766893877,0.143767032782911,0.0960079592943222,0.125403711630657,0.0459959569927487,0.011938730444454
MALE,0.0914416091310674,0.0917501706043894,0.100701752220389,0.102974925618275,0.101176020776014,0.100889029482643,0.103136020161217,0.0973338703995521,0.101055503927051,0.0801831024132542,0.0991685327748463,0.0995272702244979,0.100955335746274,0.0868913918620284,0.0847232880550769,0.0788713470309659,0.087773523103981,0.0951058073499656,0.10105370261001,0.091586726597344,0.100179482850756,0.0775737200340869,0.0647821092570981,0.0467352471711315,0.0121726560941278
MALE,0.0131879711788605,0.0146131190581868,0.0132245530090244,0.0127532926446767,0.0105039397601548,0.0122162552788527,0.0126336566259241,0.0138890823784287,0.0131182579828259,0.0121687645986025,0.0152444597841762,0.015274522008997,0.0145274596224431,0.00937313661129345,0.0119415416218831,0.0128337377883254,0.0176360949157816,0.0211461242602858,0.0129032596025926,0.0254097554831951,0.0190359397272724,0.0111130722391977,0.0171535804435028,0.00544564275417053,0.00141854373375519
MALE,0.111840634482921,0.115319897237087,0.12154440052771,0.12150575063643,0.11232784559839,0.118269354392769,0.120970370189552,0.117145385342341,0.122088439193069,0.100142322864459,0.124775154521814,0.125850177483285,0.122403847924604,0.09825745408882,0.103644766433093,0.0997909693842838,0.119174870634642,0.130599181897553,0.120200138201592,0.132549565413631,0.137112236440096,0.0947408881735562,0.0981112675234403,0.0544793874640499,0.0142325458437177
MALE,0.743634789849727,0.792850337572479,0.771632371766024,0.734047223842269,0.636684308333233,0.717584602868768,0.736813205350292,0.772898368512748,0.771144612300966,0.688622578683751,0.859726989419178,0.861946189323188,0.800906068606649,0.574578206985684,0.682912698088879,0.701282822728087,0.952485886381649,1.10278182666194,0.748761060328356,1.27818672274475,1.05466219080779,0.655351107663958,0.912320727944565,0.314473761156011,0.0821923345483409
MALE,0.197329636827562,0.208673674678628,0.207632529546036,0.203397418161165,0.179954922902169,0.197759370878941,0.203098871474597,0.205949103644285,0.207350908954934,0.179492466265479,0.224532768707644,0.225244076367395,0.216103761549286,0.157769256298075,0.181925418590522,0.18204659700709,0.235011012647005,0.268749375732879,0.201125057583997,0.298753354171507,0.261562237011293,0.169121457671994,0.208784925692579,0.0911305401358764,0.0238588162280837
MALE,1.05539896289898,1.05701200640138,1.16295562160023,1.19019293420447,1.1778097498588,1.16652945141278,1.18566403623592,1.12891882848105,1.16947425098772,0.9293794724101,1.14301838037149,1.15057839134224,1.1698112230686,1.00643386980057,0.981178214643491,0.904394656028858,1.00115659659874,1.100145365718,1.16075233594299,1.07015904535344,1.15049360957276,0.896529402360009,0.751876470410061,0.54755360578335,0.143752878174776
MALE,1.88999581406281,1.8852357242472,2.15282552969411,2.22516647230316,2.28602740228526,2.19694319871082,2.16341704731355,2.06987214037358,2.16629632519937,1.67056816996395,2.02656946709024,2.07279532344943,2.11997874217619,1.93106061117821,1.78474680003286,1.59894423358653,1.61498199214822,1.72031947451087,2.15361421293947,1.53086546406523,1.88913232290666,1.58622089244117,1.11071991136228,1.06225386190402,0.279680826312504
MALE,1.89863084864355,1.85543804522758,2.185341592143,2.28344949105008,2.4314437988298,2.26746158947565,2.22580590755342,2.10073646905026,2.2122800164647,1.65409672681914,1.98968663733146,2.0558874950895,2.12874155423799,2.04972654394928,1.79593555780491,1.54675256920339,1.4763138027725,1.54331909480867,2.21454223130405,1.27180912277825,1.74830505166796,1.60322151128732,0.932143486020328,1.09708465661488,0.290949746895782
MALE,1.15407543996756,1.15063745819113,1.3119719021644,1.35968536493568,1.3979882301979,1.3425019757869,1.3219796419213,1.26674373279107,1.31911644242736,1.01908832595392,1.23342966066111,1.26078536831511,1.29515867519096,1.18231880908999,1.08836151510291,0.974375379591062,0.984513210943092,1.0573018038872,1.31192722110287,0.951512408052071,1.14569098358887,0.972247020277106,0.678999954896802,0.646851160967024,0.171658495297385
MALE,0.0650292990484916,0.0642287667560114,0.0745760557532359,0.0774311021231282,0.0819750534903022,0.0769198960883676,0.076675492287304,0.0717580931291348,0.0748670393875894,0.0569198194752452,0.0689243622522865,0.0706044514177375,0.0724786675601417,0.0684761340113602,0.0616367988162781,0.0537428380958682,0.0527093356118189,0.0546586799886348,0.0741213240507657,0.0458916399762871,0.0609862322437006,0.0543217474295342,0.033128318442456,0.0370170687862528,0.00985377903695392
MALE,1.02967681039173,1.03576491791368,1.16524551648412,1.19888021776119,1.21015551334044,1.18241131787335,1.16285987253244,1.12424332734277,1.1706134448806,0.913818254299055,1.10983355434308,1.13575448462058,1.15381433337197,1.02715009388132,0.971085251040666,0.890197901536341,0.919596504237027,0.98831386728355,1.16072686117216,0.90678554373242,1.07005982655915,0.861397682251333,0.658575340058427,0.565967669595576,0.150676632762802
MALE,0.870085535111553,0.917682949323524,0.917998571484804,0.894140618312784,0.799039619704871,0.874099780195435,0.893848605394872,0.909609753350762,0.916932905820257,0.791689177214312,0.991022722756106,0.993441338786937,0.950955897934803,0.706999281530888,0.802968927486788,0.805870215826193,1.03999419930903,1.18460762648437,0.891722451590507,1.32310740064648,1.15325509412695,0.752008933325119,0.931216745893533,0.398254382543606,0.106069778594737
MALE,4.97251207079179,5.27602232533655,5.19340220502953,5.03603661464007,4.4084308111423,4.89367727188961,5.00135552061,5.20112593254601,5.18771052219377,4.55716211583302,5.69758208941062,5.71585482585152,5.42719015670268,3.91862265409363,4.58727036930014,4.67157226344884,6.1136519182339,7.08302999647393,5.02299339495163,8.07482706069881,6.79864835704648,4.24821381804386,5.66312791730857,2.26862127630634,0.606361339320599
MALE,0.072073868531387,0.0795243234318762,0.0730395345221552,0.0681324686299426,0.0557548657713521,0.0655342727860546,0.0680662036616565,0.0746427661014093,0.071680094989464,0.0668639798150645,0.0834712813534082,0.0846664689873191,0.0778287449721948,0.0508303134609555,0.0659532588588642,0.0704473611359924,0.0990421278668096,0.119185047984973,0.068717790872957,0.144425145955918,0.108012706598851,0.0632731694095738,0.098947119053692,0.0283854904625835,0.00759898773807859
MALE,0.172468483085506,0.174255597942923,0.188013831762634,0.189789187012805,0.188205792477276,0.186121950132896,0.190963178011671,0.185946063905287,0.188740167306963,0.151484995786272,0.186210758190296,0.187406761907699,0.191093080901096,0.160631558539986,0.158650814898694,0.147759107766722,0.171461051971444,0.190510905754169,0.185699488281144,0.205964492912046,0.193836242842582,0.147724922316992,0.132429869887214,0.0878101682637069,0.0235108330868993
MALE,0.554643633879262,0.579206211887432,0.588764486658442,0.584739445930443,0.53074225763069,0.568975060478591,0.587789385022419,0.585076487666608,0.587943497480549,0.500198192904186,0.625289122353252,0.619860659169962,0.614374327685088,0.462713401502431,0.510929660248195,0.510928350607002,0.630178702386581,0.716064322020966,0.576868475179863,0.783066013497983,0.695184728344962,0.475109887524168,0.527589980977522,0.262694376834862,0.070352166484324
MALE,1.55450972602599,1.54841972891213,1.77218901793797,1.83346423432941,1.88112179609312,1.81046153320621,1.78162925886591,1.70353200717792,1.7871335006085,1.37333775283741,1.66483493712502,1.70508349389595,1.74570083598742,1.59332962912403,1.46565811087779,1.31516262843676,1.32400773648288,1.39591600292677,1.78126599697776,1.22938508852757,1.54957996379879,1.30411784609129,0.895004998190609,0.875362650846368,0.235282246648281
MALE,0.0443050032857883,0.0490365077164642,0.0444075158039162,0.0407055604761541,0.0330756503715355,0.039361052240701,0.0406380637422186,0.0455974297082036,0.0432329674569888,0.041453627736019,0.0515210022120748,0.05204982846902,0.0474295264926955,0.0303575210872412,0.0406155350083475,0.0435271765353581,0.0635668385923207,0.077936678776987,0.041020029292016,0.0965435681516795,0.0680687283500398,0.040577815513622,0.0662664215890648,0.0163842907502878,0.00440473796032396
MALE,1.41920007144395,1.41557579108298,1.6141276523768,1.6701628749834,1.7142228824638,1.64868706487225,1.62447843941177,1.55461527912925,1.62473753966668,1.25301791583833,1.51983898269276,1.55328512440096,1.59132527036692,1.44808112933835,1.33581288750748,1.20705604972183,1.22765931306348,1.29824779072559,1.61944491178787,1.15597597881905,1.42201842999471,1.1962659798032,0.832803828805413,0.793055354472863,0.213582286770513
MALE,0.420941074924679,0.439284277650807,0.44805450629184,0.44280162605822,0.403827273003299,0.432288448193922,0.441809130694493,0.441189480145375,0.450078305445856,0.380339763857165,0.476135503466133,0.475362803970143,0.46188542194341,0.352471468277495,0.387436369079923,0.386421311826138,0.482992754127721,0.541009943813188,0.438477864896058,0.585736507593915,0.539707915142945,0.362704427258775,0.413619364794939,0.198148470643759,0.0534096436114348
MALE,0.926689685468461,0.925413096563559,1.05097558783591,1.08517639138152,1.1105072690082,1.07151279002114,1.05536538754942,1.01554574453098,1.05750982984056,0.820593658686758,0.993745522688732,1.01367828053573,1.04138775173859,0.939056165362961,0.875478534887062,0.785627615394122,0.808657094109925,0.86375484465155,1.05416289774967,0.786052924333233,0.936107088049412,0.774378564507568,0.560620510852777,0.514042649166719,0.138769296760784
MALE,1.23050025872052,1.22495350573269,1.40007579295856,1.44885126902038,1.48625142447768,1.43108710674821,1.40958832690052,1.34941042579954,1.41325137266315,1.08654441658598,1.31820051281757,1.34903462733606,1.38196236220638,1.26061887466791,1.16512205827803,1.03380677792807,1.06004046073813,1.1151560541564,1.40718483059239,0.989054809212599,1.22917867238541,1.03243080002564,0.714465511705138,0.68855148071856,0.186034943563942
MALE,1.16528754289757,1.17696763531835,1.31288579843501,1.35025873584119,1.35512487829464,1.33046233910838,1.31003401938884,1.27115295043041,1.32066632467916,1.03665555721821,1.26411235341739,1.28466639343541,1.30630467353488,1.14859047606181,1.09428667323586,1.00804343902792,1.06334344137934,1.14095688649614,1.30845683751558,1.06599108934446,1.22995172431739,0.980356366869282,0.763459630474216,0.637964440908824,0.172400610062734
MALE,1.30820215718436,1.32104612890814,1.47177801317769,1.50915512449777,1.50191084399284,1.48628682843006,1.45880901884578,1.4285671232515,1.48422366392746,1.1670668280838,1.42870135729844,1.44479733852253,1.47123453127055,1.28422423960543,1.23370800657367,1.13924267213694,1.20871633615113,1.2964062658376,1.47012644451813,1.2216351158957,1.3962090911745,1.09978372069999,0.875127079332471,0.709814410407227,0.191922075221151
MALE,1.27292338421529,1.26219176400768,1.45301225344853,1.50374107620031,1.56081231999226,1.49057847856505,1.46598002383975,1.40168129978571,1.46389075041953,1.12135619734358,1.35868890506727,1.38796917031768,1.43045154497066,1.31776166334048,1.20105012094137,1.07073370270834,1.06406537351721,1.13233449362345,1.45868728621173,0.995083274136475,1.24633759467593,1.06970241676197,0.716278215860943,0.71507413897393,0.193466567259915
MALE,1.36929005891232,1.36821254298901,1.55984514812051,1.61060984859139,1.65391642612274,1.58968638134782,1.56829990312893,1.49618379664281,1.56647516833064,1.21058616584424,1.46661071348737,1.50072145406671,1.53323572296081,1.39326907162305,1.28422316481282,1.17683985993285,1.17799498605237,1.25566755723644,1.5552693532436,1.11308843245283,1.37750693687256,1.13884588777931,0.809154120902221,0.76395254837749,0.206762298899143
MALE,1.22164816134234,1.20846721982691,1.39461492772845,1.44033745066152,1.48839186312526,1.42828557966862,1.40080569293176,1.34193768487297,1.41240213390692,1.07755976837642,1.30908471758906,1.33632927761798,1.37276176777325,1.25549869906088,1.16001726695801,1.0207266765675,1.04385728330196,1.08223162425468,1.40855501208239,0.943309561065848,1.21144309479716,1.02530670386877,0.694241736690649,0.689332510940902,0.186803922135989
MALE,1.59801903094007,1.60078836473591,1.81013750804366,1.86448145798433,1.89501782319533,1.84114588785932,1.80993411293232,1.74948798583283,1.82567565682228,1.41584336974292,1.72129800780902,1.75667298902817,1.79556686141799,1.60948605849873,1.51354398910326,1.36983284104833,1.40846121288163,1.50450319667872,1.81394710530781,1.37629104833411,1.63571653196991,1.34105542927114,0.986791974811755,0.884502310032243,0.23969678695061
MALE,1.55760313984293,1.55204988235516,1.7706977928763,1.83037729109778,1.87451042947111,1.81065131266428,1.77323931971461,1.7109018064328,1.79087619633738,1.37747218251499,1.67016272956189,1.71000325643542,1.75036836049277,1.58610182777132,1.47150992915293,1.30755433418869,1.34175348805392,1.42664499543754,1.77714779342633,1.28072738880018,1.56062537841814,1.29762198733241,0.923328734522382,0.868846605563862,0.236384100628216
MALE,1.26968468172441,1.26562119979633,1.44084873524736,1.4903734693085,1.51669530531454,1.4689590474568,1.43735825437277,1.39154841334818,1.45442292505463,1.12689379383467,1.36394499633367,1.39587979590555,1.42803105626558,1.28076063430405,1.19949305791157,1.07421824527653,1.11061302995317,1.17764486353321,1.44967033161825,1.07017538251926,1.28911629765213,1.06077810890716,0.765058123676555,0.708640955503735,0.192918815083467
MALE,0.0099551257878849,0.0104613901844602,0.0109034080445594,0.0110441074781276,0.0103218303105079,0.0107577934553448,0.0107039492904503,0.0106586417657662,0.0110946664201398,0.00902674760448247,0.0111395198162726,0.0112530938877054,0.0110975193888738,0.0089553624429471,0.00943776750231068,0.00880859980911992,0.0104442762407861,0.0111230206806535,0.0108951329841953,0.0112660655773498,0.0120032647092797,0.00811354356788021,0.00824250223654557,0.00511914170979998,0.00139415577632645
MALE,1.4336505071038,1.43741699644552,1.62483387652484,1.67343417611833,1.70321364404111,1.65590091736872,1.62480712467009,1.56699082610742,1.6379912066095,1.27016145510975,1.5465023223897,1.57759882493375,1.60859203375492,1.44560112323814,1.35418589590603,1.2155883048969,1.26690323640196,1.34440412186877,1.62815151988964,1.22071712276871,1.47267391050482,1.20601750741405,0.887745020589396,0.793182332826004,0.216135291587505
MALE,1.15115165319049,1.19473995613435,1.23890843254764,1.23758866609202,1.14691270102689,1.20500470772891,1.22609383661113,1.21282619422283,1.24113358951013,1.03243577446964,1.28492255200063,1.29815437945232,1.26854382599514,0.990307977924575,1.06644137459741,1.03340470594606,1.25125533794553,1.40556479871165,1.21419645835878,1.48278956531351,1.41941784851597,0.974802355168238,1.05497387893311,0.564509885196524,0.153939195769377
MALE,1.19772662697266,1.20626890233505,1.34952019386991,1.39099888330832,1.39781835170666,1.36863752123508,1.34772928558068,1.30767694711624,1.36225163312334,1.06630879183156,1.29666863951869,1.32076936938362,1.34544050347588,1.18765533467006,1.13268393138899,1.03197363203652,1.08315957656373,1.15934267551005,1.35186703814151,1.06988689455389,1.25601018444592,1.00289204869448,0.771828008446656,0.657030077047445,0.179194374142864
MALE,0.245491190881377,0.272810357411306,0.245535859173453,0.225748532628349,0.181208742617926,0.218055652132385,0.225017578376076,0.253411560960519,0.240318368676696,0.230291281570802,0.28902389141583,0.291308658020625,0.261802748478085,0.167830958369167,0.225403620732795,0.242693554770036,0.352591700405622,0.430426105185269,0.228565599545722,0.526530077474865,0.379843926714131,0.218771347828621,0.37062178832192,0.0908341800274308,0.0248126750547542
MALE,0.658030219880445,0.671059752344609,0.716286468386578,0.723983722450028,0.697769748033259,0.706573176856391,0.722289779426612,0.70207645894323,0.716792047433624,0.583429695154139,0.718767166031601,0.725451703382969,0.728201307870912,0.596145165665627,0.609892664654175,0.582195236362343,0.669854567584286,0.74305272441564,0.704028195256062,0.76451823972687,0.751725047250701,0.561557634813041,0.526962804831055,0.335812101147829,0.0918915161673126
MALE,0.0907284162206729,0.10004781091398,0.0912699844830603,0.0850105970318615,0.069102780625216,0.082250115330238,0.0847725524953334,0.0933039069204697,0.0895220274829562,0.0847313454199693,0.105919473181294,0.106799437739731,0.0974422364360251,0.0629546468738987,0.0831002722508173,0.088659617534501,0.126005147731409,0.152493244367494,0.0854198908240208,0.184839793371721,0.137840877790457,0.0790212195559537,0.129520343277049,0.035206777125039,0.00963730222974985
MALE,1.280912358288,1.29882108097135,1.43721372176399,1.47190387472773,1.45257190584635,1.44701097629907,1.4206505263502,1.39739883324268,1.4474814992444,1.14773846122328,1.39815333849408,1.42238296113056,1.44199852381619,1.24188454901376,1.20839674767121,1.1228276701832,1.20461282208364,1.29276355095331,1.43248144453042,1.231687022251,1.38548629190207,1.07387186279962,0.878037600006206,0.69444341541629,0.190110747264195
MALE,1.32390603749339,1.34671190648709,1.48037721297908,1.51709956291315,1.49809318939849,1.48977395273345,1.46101657430319,1.4455340120584,1.49704037922653,1.18360603390481,1.44963907299727,1.46985819558517,1.48646437168484,1.27945010934196,1.25244618654165,1.15703382823477,1.25362215311462,1.35272930509078,1.48065511991406,1.29923310197979,1.44200814209863,1.10396039717103,0.92768733293641,0.71254181088804,0.19522436971362
MALE,1.24633141874724,1.2668952427605,1.39901811753437,1.43095369549803,1.41498866601341,1.40695096698863,1.38396394982565,1.35840177317564,1.40901933536645,1.11208636379637,1.36254472072759,1.37989636737237,1.39785533854414,1.20538293007482,1.17389877031611,1.08619769835954,1.17859592842891,1.26494439758207,1.39405012072147,1.20502316097674,1.34947875082982,1.04106655541218,0.859854871396827,0.671425008063344,0.184225165118093
MALE,0.0524996992950248,0.0543042859660518,0.0580195163578814,0.0587789878146632,0.0558209485201367,0.057332084645596,0.0567720316528293,0.0568884256618393,0.0581613424096804,0.0471612363840944,0.0581452223465618,0.0589950265807911,0.0584764152946807,0.0474633740603598,0.0490157293640942,0.0470911094233462,0.0539598619676377,0.0576000111336617,0.0572668365565344,0.0584131812312754,0.0611602411213743,0.0440128739113185,0.0413645249430626,0.0274554364974275,0.00757449872557764
MALE,0.226346533055458,0.229931820310289,0.244537439658613,0.244809898555431,0.237630635058355,0.239471286170111,0.247846871368726,0.243845708317909,0.244072918411603,0.200422663762061,0.247701166992993,0.246677256674041,0.25150586773538,0.203233817786974,0.208159205898786,0.196278043313798,0.236932527500795,0.26500649484126,0.240753554735946,0.298754774794621,0.262331020830927,0.19720211315649,0.187095316233647,0.113252454296552,0.0312696731067155
MALE,0.065394442164663,0.0672697180561889,0.0700662867251718,0.0691790369404112,0.066789737939213,0.067804368741476,0.0702354983152945,0.070417865707468,0.0700368154682166,0.0580598031075387,0.0717177197372125,0.0726684851270438,0.0724198861734457,0.0572141788671514,0.0598143317614589,0.0570275589353161,0.0706224829146509,0.0800856971735155,0.0680835472069917,0.0953793336848023,0.0780904465365776,0.0572921673733134,0.0580136668537455,0.0324426922914428,0.00898445277819426
MALE,0.644600438947586,0.667890697050661,0.682097749487208,0.674850399522923,0.629845429144363,0.660394269670784,0.676660074591795,0.685729419506308,0.681749132310671,0.579131258414081,0.717725359386992,0.719064441304448,0.712930250259064,0.544573651454246,0.596904718921013,0.577604408218704,0.732411088545613,0.843294475129752,0.663360265976588,0.951557851079563,0.79842486027882,0.557592136862131,0.634787730199296,0.307888320876797,0.0857284704779228
MALE,0.0437276481684876,0.045137255645995,0.0485625594108748,0.0489170999467081,0.0465940296308098,0.0475578787549486,0.0470986403552646,0.0474814847476757,0.0487516802455729,0.0390185052581861,0.0485287510810789,0.0491773671131547,0.0489143168275653,0.0397346691641021,0.0409673110848915,0.0389009153411279,0.0447299214021425,0.0485320747369211,0.0474735994793259,0.0479287966106233,0.0510495431057134,0.0359426921666877,0.0345422081925418,0.0230425587439113,0.00650964774458721
MALE,0.120368439932048,0.127452083660004,0.125832622931968,0.120919357468747,0.107489476196703,0.11921538846419,0.122464773952372,0.126052479151468,0.124791384866426,0.109646270120014,0.137895893220651,0.138795241557082,0.130661489700986,0.0947792095429675,0.110290924395205,0.11212120284098,0.148809958010731,0.168345977552124,0.121367200339848,0.193258372125223,0.163770517085777,0.105748495815335,0.135424320712507,0.0538060273628175,0.0152713077735637
MALE,0.0954294293341523,0.0976200978050923,0.102832497845297,0.103837332972835,0.098741249188692,0.101169354094287,0.104093685683447,0.101630016836323,0.102730102620438,0.0843007702291434,0.105030151419399,0.105019968073245,0.105284560969421,0.0843887843659954,0.087913585843032,0.0844419824125669,0.100582135396906,0.10999403782563,0.101151605650855,0.116165705065484,0.110377891368449,0.0818279990014522,0.0779945784942416,0.0480545635953139,0.0137317169058028
MALE,0.166685160473554,0.172051101930855,0.176705418562078,0.176459515217544,0.167708055874199,0.173071160498014,0.178986512041047,0.179407967000452,0.176055861596916,0.148595348554345,0.184565615487518,0.182406003277649,0.185963104967621,0.143436463482231,0.153258290627049,0.149029723501657,0.185909290239552,0.209854325150461,0.171644049236981,0.238769504965103,0.195161880457313,0.146600569147304,0.150561959728887,0.0831768044116026,0.0238410810629094
MALE,0.0292102980963221,0.0301080533717106,0.0306185287739208,0.0301281021548923,0.0276973139748127,0.0297806774287586,0.0303688628424521,0.0298728851328857,0.0303126201328357,0.0255198175873228,0.0323985479531681,0.0324087690700796,0.0310757199216343,0.0240450198271461,0.0258959190696113,0.0258837605559866,0.0317058583514693,0.035394834251922,0.0301256391618721,0.0381392489026913,0.0364301952605865,0.0249344404345781,0.0264500824351579,0.0137747490573873,0.00398094667246364
MALE,0.0933276065958795,0.0974500039460283,0.0972926315891448,0.0943605832935188,0.0853232391202172,0.0919511543691781,0.0948716456394807,0.0981155471942101,0.0968939894258987,0.0843319074939834,0.106648120278706,0.104958282161729,0.101429456788789,0.0737848658657084,0.0857715086622635,0.085014958150573,0.113112488946763,0.128295339096974,0.0943503925753121,0.14975189070984,0.123565152655623,0.082072337785071,0.101944591052578,0.0422900709574307,0.0123597932453644
MALE,0.0249537850981192,0.0257921965217491,0.0275063538095553,0.0277748333862987,0.0267047596675263,0.0271772099269017,0.0268796201330418,0.0271815592669646,0.0275791888255161,0.0226042946297367,0.027842336253448,0.0280793484071539,0.0278346750339246,0.0226558458280211,0.0234920522249094,0.0225813768333507,0.025937628317129,0.027228712137083,0.0272760766363077,0.0276206509420262,0.0288431892350908,0.0204684011880766,0.020081467992537,0.0130501429247115,0.00382597871921656
MALE,0.0856161266671404,0.0916717836382041,0.0872566599914713,0.0812485383600232,0.0699007905007576,0.0801906317908174,0.0824179965403047,0.0884381943060562,0.0870237564256057,0.0800447515505802,0.0996955636771137,0.0997277716580732,0.0914862131761377,0.0634262024658913,0.0782529110045558,0.0803303928615345,0.11584334694601,0.134790697628592,0.0836879906422931,0.162139386026646,0.125693877654639,0.079333042384572,0.114047665854926,0.0341956775321735,0.0100788286827845
MALE,0.160729303042826,0.169519533514021,0.167092318120409,0.1621830011883,0.144285367699543,0.157124020383908,0.164078765781625,0.169752852579891,0.166346023205074,0.14525570163365,0.184128081930164,0.179728362148091,0.176902941867203,0.126372105734105,0.14694763480123,0.14929074599904,0.199689450758611,0.229732024832499,0.159601923981747,0.266984128578704,0.211417628922379,0.141798626404649,0.176505069743695,0.07217560753307,0.0217752627490826
MALE,0.0677839932783718,0.0747361869160599,0.0679762772250239,0.0655645171105112,0.0565524100543793,0.064196337003302,0.0687571948296055,0.0690988901923852,0.0663645673798169,0.0635594995209769,0.0771262368608693,0.0754135526317856,0.0739791468772258,0.0504743696958679,0.0615186613747949,0.0691784717016228,0.0908131529063003,0.107331269911119,0.066347689406266,0.124706000777994,0.0949238816276327,0.0604938988543399,0.0856961152346557,0.0281847698623615,0.00858809794244125
MALE,0.0580664526607806,0.0638778589041108,0.0570554760435176,0.0534161963369503,0.0450364134150993,0.0514949208817432,0.0547745336768036,0.0608277763399332,0.0563163671465656,0.0536335456646472,0.0655891142070011,0.0661334524031418,0.0642785819356536,0.0394513225063936,0.0531990355990347,0.0549470644073573,0.0817745470456878,0.102160250586211,0.0525402227291618,0.131771452926901,0.0833174403003736,0.0515323999771867,0.0801506244103108,0.0221114807597783,0.00707094130071285
MALE,0.0724952176992065,0.0776187193531606,0.0825867466360614,0.0825980672997498,0.0800701209529835,0.08022677025697,0.0809484532417008,0.0802505422582317,0.0821023215664298,0.0673016081593542,0.0821765580157832,0.0822857616739032,0.0829210524064676,0.0684959655857237,0.0693283175689435,0.0687199779751357,0.0811538492059184,0.0844908831444613,0.0809672748711635,0.0896148509775654,0.0881098164679958,0.0638478226474419,0.0648897799856644,0.0317220212254016,0.0105174413812369
MALE,0.07773268595612,0.0782525392384078,0.0925665791087381,0.0956187387459087,0.101187236847372,0.0947681196157803,0.094506306683093,0.0878572543995798,0.0927587040481847,0.0702739741519346,0.0833304466197144,0.0845083581002861,0.0901232963492971,0.0859706910517002,0.0756365048234021,0.0670140809167986,0.0664702055020835,0.0663162026429884,0.09237123726492,0.0566551939511627,0.0752709696008855,0.0671120932218946,0.0421242818816555,0.0378742757158859,0.0127068500483869
MALE,0.0830730988862597,0.0868087947512075,0.0968099165288555,0.0991790828948014,0.0979520123316519,0.0961989884103751,0.0959231486026885,0.0916297694420117,0.0967646748597821,0.0765764766384013,0.0918857582697963,0.0935711799273451,0.0963493792896993,0.0840477750614618,0.0807444819977803,0.0757809081534756,0.0836280079256041,0.0850244983663445,0.0948002419347567,0.083378400064821,0.093741344775894,0.0694716454295194,0.0599030503444859,0.0383282510219581,0.0129651299704653
MALE,0.111277045230177,0.111594209428269,0.133696722153967,0.138950648166473,0.147516156007936,0.137146529264585,0.136546841897914,0.125649264754725,0.134535705776109,0.101018882545245,0.118930063004434,0.121871117687386,0.128226074049979,0.125196650811769,0.108921109489617,0.0939260533983582,0.0915920604641573,0.0905333578175363,0.134250300420425,0.073583474283669,0.104901490697736,0.0966702503714168,0.0551907212313228,0.0552302896312089,0.0188217766808886
MALE,0.137741816765833,0.139268704169046,0.164117857326877,0.171678420469843,0.178697932972214,0.168597386422793,0.166731238225796,0.154910193005706,0.166295122718068,0.125049337552035,0.148048603359255,0.151876921259119,0.159537532135798,0.151397581579447,0.1342359734378,0.11997262262859,0.117660960237476,0.116101467069301,0.163861128916839,0.0967196070326459,0.135700110050659,0.118375824422638,0.0727502889313984,0.067516913702121,0.0230402027730657
MALE,0.0877315774327039,0.0881941794640504,0.104674739436931,0.108915626376265,0.114101925713658,0.107184993681572,0.106637167140869,0.0990206949269141,0.105032649348759,0.0794194852471221,0.0937938962618936,0.0960431495025025,0.102281196691313,0.0971893623087801,0.085886292572842,0.0748174861412201,0.0749947598218768,0.0744328637120342,0.10533740892097,0.0626593898968294,0.0849224092082065,0.0763040517748896,0.0465329148286724,0.0424595944008961,0.0147395391410379
MALE,0.0371067369866454,0.037083277718293,0.0440341719137574,0.0459013254205597,0.0489348980087686,0.0456256647449198,0.0457191241961177,0.0422145120070539,0.0447267088629199,0.0333850609436719,0.0394304495215533,0.040130003799224,0.042947475640894,0.0418209091095851,0.0356447079326097,0.0314788469857115,0.0314525789252061,0.0305439446489516,0.044006020806471,0.025401705285545,0.0352447548231256,0.0323426635358336,0.0187849752008427,0.0182494865736299,0.0063364393508047
MALE,0.0643450244832194,0.0700808123563311,0.0635617222582231,0.0616906276728348,0.0544534405288428,0.0589205133939503,0.0626977225798591,0.0694625918781283,0.0635776256544795,0.0573677513720349,0.0721240140729373,0.0701580729629376,0.0732492505989549,0.0462392866301378,0.0591997506463465,0.0610278947544182,0.0855695438622913,0.104699858526137,0.0589548699257433,0.139192618956426,0.0855581992818147,0.0545530589667815,0.0797212084398102,0.0276922296151956,0.00971420513970813
MALE,0.123574421085355,0.124614919214183,0.147617596859512,0.153825109610058,0.161539535741277,0.151431410484666,0.151007719267643,0.138604545144381,0.148119672469782,0.11211982378645,0.131636804545775,0.135236265188859,0.14331507970059,0.135835239835888,0.119679404308579,0.106519572074082,0.104567293764834,0.104385985330908,0.146688418116376,0.0881168208152675,0.119846119476682,0.106052444120229,0.0660138319852467,0.0608288589929733,0.021379059495938
MALE,0.0314906648387311,0.0327845441957796,0.036721998456797,0.036546678070762,0.036873912252949,0.0358690471992247,0.0360719491755802,0.0353158741820019,0.0364500778750122,0.0289423886315743,0.0352703502667106,0.0349319880234521,0.0357461805079413,0.0318536935499749,0.0303836979646117,0.0280878172413772,0.0319238989010351,0.0325842004719244,0.0366647912590362,0.0338922284525002,0.0343079438297375,0.0280191136922281,0.0237852903774685,0.0148642666066252,0.00524789095537903
MALE,0.635090284461809,0.683919499642892,0.624041189448297,0.579367711021423,0.504441035888729,0.567881791729454,0.59425681667179,0.679424081877576,0.618751765375783,0.588410319128922,0.736350450412543,0.717486058228478,0.702182415870915,0.444474205312608,0.5794602752839,0.60010352731776,0.916766182737504,1.10533666949072,0.580126171967537,1.47015388375613,0.902949313230577,0.583003432689807,0.881609406850844,0.255024519780182,0.0903636140029049
MALE,0.0534219385576769,0.0535127212381148,0.0637003739314739,0.0667697139157418,0.0703973161447877,0.065539628884816,0.0653124134299641,0.0601483814150179,0.0643445012736805,0.0484640940421595,0.0573227026424449,0.0585740765282766,0.0621257846218763,0.0595839391268609,0.052415939555959,0.0452396959557518,0.0452084684465907,0.044176337495771,0.0642238568654469,0.0360923339405313,0.0513241937551646,0.0463843729557274,0.0269653582100275,0.0262666341900229,0.00934276037925699
MALE,0.0611038587758881,0.0644450992160216,0.0702739476223896,0.071699115095194,0.0685274913756049,0.0696524328572393,0.0689035992371145,0.0669283994173056,0.0708263810897462,0.0566055009314234,0.0685360559237256,0.0688667130703528,0.070805093943571,0.0593553029551703,0.0591928665926282,0.0563727838592106,0.063371187567742,0.0655243209544011,0.0693037362177519,0.0668953497813416,0.0718697600590999,0.0522020045961039,0.0481934298011604,0.0276003770450754,0.00982681417518362
MALE,0.0519060808797948,0.0547581664801549,0.0596419012971715,0.0600194685016238,0.0575225008306903,0.0593396764872129,0.0581500575866881,0.0569238098977871,0.0596816477207766,0.0484421910264329,0.0584092800940559,0.0589362442328339,0.0600558923726855,0.0498428938163849,0.0501513932896219,0.0485916839985943,0.0555870370206203,0.0578149129733146,0.0585480420621383,0.0592046036036169,0.0624705992112401,0.0439821445693991,0.0429116192114363,0.0230555103298397,0.0082149352457624
MALE,0.0123689776593712,0.0122135984567918,0.0144493875812747,0.015059829333475,0.0158034183865183,0.014891922328719,0.0147811004860256,0.0135699770206062,0.014546300182978,0.0108792342847332,0.0131117446952552,0.0131703272751665,0.0140660914811852,0.0133467797890695,0.0117339953203339,0.0103347958057567,0.0104785190437076,0.010207215425639,0.014447550712853,0.00868783757028258,0.011497374396911,0.0104848971725369,0.00621812101480402,0.0057985815211847,0.00207558697080785
MALE,0.0268763505274751,0.0269219910990713,0.0313577329823132,0.032246912635099,0.0337834713150754,0.0318575945445398,0.0321481801482741,0.0299749219333331,0.0314575668055911,0.024070776950388,0.0285263527293115,0.0290479831358658,0.030921758709505,0.0287916081668507,0.0255441895698854,0.0230042131877035,0.0233713217056772,0.0237244906442141,0.0309405628641009,0.0213230624988087,0.0262817506305382,0.023137532296715,0.0145837506938466,0.0127998121472609,0.00460974501683123
MALE,0.0253433173196691,0.0271233747497865,0.0293006347512253,0.0288231893730422,0.0283910468212597,0.0286306307162812,0.0280174685026421,0.0282300096991515,0.0288279314980836,0.0235293057924497,0.0292056102779312,0.0288128167087876,0.028718173919017,0.0235622112927826,0.0241210907843667,0.0237258263303399,0.027690220125996,0.0277765646520281,0.0286513812577001,0.0289828086507086,0.0297952638867557,0.0224942938271525,0.0212574062121488,0.0112784484064461,0.00430715244558496
MALE,0.0287620561620607,0.0308535319556937,0.0330528442604167,0.0327444572819352,0.0314844120986339,0.0317591451378949,0.031563164452374,0.0320945011332664,0.0323804575416765,0.0269471534899538,0.0336114620112878,0.0329804155526834,0.0326487719878751,0.0266531583892101,0.0272938197965264,0.0268212588004267,0.0320892139453915,0.0324095226799709,0.0322267378071522,0.0341092455454544,0.0343584947811617,0.0255515205258603,0.0250690747486296,0.0126095442690488,0.00484683705876787
MALE,0.0652359734850117,0.0685480940085602,0.075654323335776,0.0768986927389993,0.0766197037622114,0.0752813831182621,0.0751622707777101,0.07250784807712,0.0746510505156793,0.060277035546286,0.0732822115350243,0.0732633675251645,0.0753241334386786,0.0650255182175325,0.0633948408162718,0.0589067882741707,0.0651017550786731,0.0676690780158091,0.0752487459598986,0.0681992450301403,0.0732276544485472,0.05800513381548,0.0487770620650022,0.0295167673768936,0.011517381320839
MALE,0.0451922447527581,0.0478261717149343,0.0518645621672717,0.0520603549809989,0.0513540120860284,0.050753855700177,0.0511385417626608,0.0498331445702796,0.0509926066393557,0.0418980472190354,0.0514437821616327,0.0513354110997131,0.0517085021470933,0.0434859364876639,0.0434424404613192,0.0418489392985126,0.0483345795876394,0.0500648745166125,0.0508770237393613,0.0519200879879838,0.0526497996367186,0.0404328120807245,0.0369972528371062,0.020308788736255,0.0079911824733586
MALE,0.0215258168328613,0.0229298164918113,0.0246770208572865,0.0246627515882923,0.0237722958391995,0.023571195707869,0.0239537001145551,0.02385861442106,0.0244334089152046,0.0205351359248541,0.0245062028263498,0.0246451734225924,0.0240946308604746,0.0199107270045037,0.0203987925798285,0.020255611081531,0.023798471343284,0.023645348044546,0.0241110957189475,0.0255211898368014,0.0260179844608977,0.0190690214470653,0.018622221655671,0.00958407698149604,0.00377215005074817
MALE,0.0141417034865982,0.0145009789163173,0.016394585852818,0.0168231750312326,0.0175151300303635,0.016515207174895,0.0165527562806611,0.0157363833074305,0.0163814847886593,0.0128400109476839,0.015397350466888,0.0149765215776696,0.0164752691771753,0.0146192739737034,0.0137285823488391,0.0126851101368057,0.0136711457780201,0.0140664085972559,0.0160567006664989,0.0141663353147812,0.0144294882453965,0.0118901568349567,0.00931669512612191,0.00670239097482485,0.00264626180613777
MALE,0.0745307838511311,0.0782083748549618,0.0854094677291787,0.086993352217726,0.0866351375786122,0.0855116699387326,0.0853400945692293,0.0832318353711442,0.0848317559898702,0.0692263117663362,0.0825924735005408,0.083809302952459,0.0846718755830838,0.0739780240107574,0.0720365546047053,0.0675242271167059,0.0779074012852428,0.0795713688036523,0.0845980637022452,0.0827509751013306,0.0841045182967154,0.066540826652541,0.0576182049761419,0.0339633025088594,0.0137615113095952
MALE,0.0521697462852946,0.0553444799642044,0.0593367483722912,0.0595147075005594,0.0582477684150785,0.0581548842259078,0.0579073144973259,0.0578853487037276,0.0584491180489697,0.0485156188861384,0.0590633927991912,0.0587590231570749,0.0593792788663918,0.0491899192599648,0.0493095825096223,0.0483665822073302,0.0588454267591213,0.0586729192522564,0.0588200547232402,0.0631554072222078,0.0627533576874891,0.0466714086951571,0.0462614575084798,0.0232062472113194,0.00942112858776244
MALE,0.0275802551219643,0.0286917680337495,0.0318910485020042,0.0321447575408503,0.0322047778831796,0.0314680917463789,0.0316553246594001,0.0307783721923063,0.0315255069992542,0.025682273805811,0.0307499375049558,0.0308403558832671,0.0317308992898457,0.0269685099431989,0.0264722419863187,0.0247134458098452,0.0292123868680157,0.0291563997432853,0.0308007013771797,0.0289915353355562,0.0312216067396191,0.024622991593894,0.0207820684030345,0.0127349189698292,0.00517039855749948
MALE,0.0637525072614306,0.0669991550392165,0.0724573866397262,0.0719120808688188,0.0713683642630103,0.0712233506449373,0.0706268899161288,0.0714314283261259,0.072110801929179,0.059018316749205,0.072458791692731,0.0718072674358918,0.0725430670966593,0.0612021400248423,0.0610220407092569,0.0580383420523541,0.0709852640513554,0.0713822404055609,0.0726582089573649,0.0780699204652311,0.0746585668789405,0.057473322973175,0.05347828105592,0.027965423709427,0.0121062965967043
MALE,0.0171692609791968,0.0182708311085813,0.0194806505524996,0.0192495769292398,0.0192511257242292,0.0188440599206501,0.0189358369009083,0.0191599573762914,0.019655342622383,0.0156684954421935,0.0195822994379441,0.0196037945309247,0.0193912831790689,0.0162875053145407,0.0164662186721992,0.0153513374713571,0.0201355981793232,0.0191592336543005,0.0195140458844041,0.0201704974360882,0.0197623280220457,0.015511772880452,0.0147686270262963,0.00765022680410246,0.00350487622724227
MALE,0.0048920292755028,0.00516097410244767,0.00523169934323803,0.0052551168067173,0.00495138282964698,0.00507479026368478,0.00511734597865657,0.00523531481472859,0.0051433951439241,0.00442025234837613,0.00550360713035455,0.00505194134481628,0.00566263182153678,0.00425322148904247,0.00474811536220835,0.00448019861078254,0.00570428209792129,0.00650181211428605,0.00483932271793186,0.00779974517742001,0.00556466650334658,0.00385882828125846,0.00453298835039361,0.00209402864264803,0.00113398949289992
